<?xml version="1.0" encoding="UTF-8" standalone="yes"?>
<addon id="repository.fleixi.spotremote"
       name="Repository for Spotremote" 
       version="0.9.1" 
       provider-name="fleixi">
    <extension point="xbmc.addon.repository">
        <info> https://github.com/fleixi/repository.fleixi.spotremote/raw/master/addons.xml</info>
        <checksum>https://github.com/fleixi/repository.fleixi.spotremote/raw/master/addons.xml.md5</checksum>
        <datadir>https://github.com/fleixi/repository.fleixi.spotremote/raw/master/zips</datadir>
    </extension>
    <extension point="xbmc.addon.metadata">
        <platform>linux</platform>
        <source>https://github.com/fleixi/repository.fleixi.spotremote</source>
        <license>GNU GENERAL PUBLIC LICENSE. Version 2, June 1991</license>
        <summary lang="en_GB">Repository for Spotremote.</summary>
        <summary lang="de_DE">Repository für Spotremote.</summary>
    </extension>
</addon>
