<?xml version="1.0" encoding="UTF-8" standalone="yes"?>
<addon id="service.audio.spotremote"
       name="Spotremote service"
       version="0.9.1"
       provider-name="fleixi">
  <requires>
    <import addon="xbmc.python" version="2.20.0"/>
    <import addon="plugin.audio.spotremote" version="0.9.1"/>
  </requires>
  <extension point="xbmc.service" library="service.py" start="login" />
  <extension point="xbmc.addon.metadata">
        <language>de_De en_GB</language>
        <platform>linux</platform>
        <source>https://github.com/fleixi/service.audio.spotremote</source>
        <license>GNU GENERAL PUBLIC LICENSE. Version 2, June 1991</license>
        <summary lang="en_GB">Service to automatic start Spotremote addon if Spotify is playing.</summary>
        <summary lang="de_DE">Dienst um Spoteremote automatisch zu starten wenn Spotify spielt.</summary>
    </extension>
</addon>
